" But cart has some errors.","但购物车中有一些错误。"
"""Description"" is more than %d characters long","""描述""多于 %d 个字符长度"
"""Title"" is more than %d characters long","""标题""多于 %d 个字符长度"
"""id"" attribute is required for a ""%s"" field.","""%s""的栏位需要""id""的属性。"
"""line_count"" attribute is required for ""multiline"" element.","""multiline"" 元件需要""line_count""的属性。"
"""message"" attribute is required for ""%s"" validator rule.","""%s""的验证规则需要 ""message""的属性。"
"%1$s has been added to your wishlist.","%1$s 已新增到您的愿望清单。"
"%1$s incl tax.","%1$s 含税。"
"%s API Key required.","%s 需要 API 密钥。"
"%s Application ID required.","%s 需要应用程式 ID。"
"%s Secret Key required.","需要 %s 密钥。"
"%s attribute is required.","%s 属性是必需的。"
"%s has been added to your cart.","%s 已新增到您的购物车。"
"(Includes more countries than those listed below. As the application owner, you are responsible for complying with country-specific laws related to the distribution or sale of your application into that country, including your home country.)","（包含列表中不包括的国家。作为应用的所有者，您需要负责遵守在特定国家，包括您自己的祖国分发或销售您的应用程式时，该国的相关法律。）"
"*Subject to change","*如有变更"
"10:40 AM","10:40 AM"
"80px x 80px","80px x 80px"
"80x80 px","80x80 px"
"<a href=""%s"" target=""_blank"">Login</a> to Urabn Airship.","<a href=""%s"" target=""_blank"">登入</a> Urabn Airship."
"A Catalog Only App will not support functions such as add to cart, add to wishlist, or login.","仅在目录中的App程式将不支持部分功能，例如新增到购物车、新增到愿望清单，或登录。"
"A new password has been sent.","新密码已发送。"
"Account","帐户"
"Account confirmation is required. Please check your email for the confirmation link.","需要进行账户确认。请检查您的电子邮件并找到确认连结。"
"Account information has been saved.","账户资讯已保存。"
"Action","操作"
"Activate","激活"
"Activate PayPal Checkout","激活 PayPal 结账"
"Activate PayPal MECL","激活 PayPal MECL"
"Activation Key","激活密钥"
"Add App","新增App程式"
"Add New Template","新增范本"
"Add Page","新增页面"
"Add to Cart","新增到购物车"
"Add to Wishlist","新增到收藏"
"Additional Address","其他地址"
"Address","地址"
"Address 2","地址2"
"Address data not specified.","地址数据未指定。"
"Address does not belong to this customer.","地址不属于该客户。"
"Address has been deleted.","地址已被删除。"
"Address has been saved.","地址已被保存。"
"Administrative contact for this app and for app submission issues.","管理有关该应用的联系以及该应用提交的问题。"
"Advanced Settings","进阶设置"
"After submitting the App to Magento, please contact <a href=""mailto:%1$s"">%1$s</a> to receive the Application Key, Application Secret and Application Master Secret.","提交应用到Magento后，请联系 <a href=""mailto:%1$s"">%1$s</a>，以获得应用的关键，应用的秘密和App主密钥。"
"AirMail Message Queue","航空邮件消息队列"
"AirMail Messages Queue","航空邮件消息队列"
"AirMail Template Preview","航空邮件范本预览"
"AirMail message","航空邮件消息"
"AirMail templates","航空邮件范本"
"All Allowed Countries","所有允许国家"
"All locations","所有位置"
"An account with this email address already exists.","使用该邮件地址的帐户已存在。"
"An error occurred while adding item to wishlist.","当新增项目到愿望清单时发生错误。"
"An error occurred while deleting the address.","删除该地址时发生错误。"
"An error occurred while loading categories.","载入类别时发生错误。"
"An error occurred while loading category filters.","载入分类筛选器时出错。"
"An error occurred while loading wishlist.","载入愿望清单时发生错误。"
"An error occurred while processing your order. Please contact us or try again later.","处理您的订单时出错。请联系我们或稍后再试。"
"An error occurred while processing your request.","处理您的请求时出错。"
"An error occurred while removing item from wishlist.","从您的愿望清单中删除该商品时出错。"
"An error occurred while removing items from wishlist.","从愿望清单删除内容时出现了错误。"
"Analytics","分析"
"Android","Android"
"Android doesn\'t support AirMail message type.","Android 不能支援 AirMail 讯息类型。"
"App Background","App背景"
"App Background (landscape mode).","App背景（横向模式）。"
"App Background (portrait mode).","App背景（纵向模式）。"
"App Background <br />(landscape mode)","App背景<br />（横向模式）"
"App Background <br />(portrait mode)","App背景<br />（纵向模式）"
"App Background image missing.","App背景图像丢失"
"App Code","App代码"
"App Information","App资讯"
"App Name","App名称"
"App Stores","App店铺"
"App Submission History","App提交历史"
"App Title","App标题"
"App code required.","需要App代码。"
"App does not exist.","App不存在。"
"App has been deleted.","App已被删除。"
"App has been saved.","App已被保存。"
"App has been submitted.","App已被提交。"
"App model not loaded.","App模块未载入。"
"App with specified code does not exist.","使用特定代码的App已存在。"
"Appears in the info section of your app (example: Copyright 2010 – Your Company, Inc.)","显示在您应用的资讯介面中（例如：Copyright 2010 – Your Company, Inc.）"
"Application","应用程式"
"Application Key","应用程式密钥"
"Application Master Secret","应用程式主密钥"
"Application Name","应用程式名称"
"Application Secret","应用程式密码"
"Are you sure you want to delete this theme? This change will affect all applications.","你确定要删除这个主题吗？这种变化会影响所有应用程序。"
"Are you sure you want to do this?","你确定你要执行此操作吗？"
"Are you sure you whant to cancel a message?","您是否确定要取消该资讯？"
"Are you sure you whant to delete a message?","您是否确定要删除该资讯？"
"Are you sure you what to cancel selected records?","您是否确定要取消所选记录？"
"Are you sure you what to delete selected records?","您是否确定要删除所选记录？"
"As a Magento customer, Urban Airship is offering you unlimited Push Notifications and Rich Push for $100/year* along with a 60 day free trial.","作为Magento客户，Urban Airship为您提供无限Push Notifications and Rich Push价值$100/年*，免费试用60天。"
"At last one application has to be created.","在最后一个应用程序被建立。"
"Authentication complete.","身份验证完成。"
"Back","返回"
"Back to App Edit","返回App编辑"
"Background Color","背景色"
"Banner on Home Screen","主介面的横额"
"Banner on Home Screen (landscape mode) image missing.","主介面的横额 (横向模式) 图像遗失了。"
"Banner on Home Screen (portrait mode) image missing.","主介面的横额 (直立模式)图像遗失了。"
"Banner on Home Screen <br />(landscape mode)","主介面的横额 <br />(横向模式)"
"Banner on Home Screen <br />(portrait mode)","主介面的横额 <br/>（直立模式）"
"Banner on Home Screen image missing.","主介面的横额图片遗失了。"
"Billing Address","账单地址"
"Billing address has been set.","账单地址已设置/"
"Buy %1$s for %2$s","为＄%2 购买 ＄%1"
"Buy %1$s for %2$s (%3$s incl. tax) each","为每 ＄%2（＄%3 含税）购买 ＄%1"
"Buy %1$s for %2$s each","为每 ＄%2 购买 ＄%1"
"Buy %1$s with %2$s discount each","每买 ＄%1 有 ＄%2 折扣"
"Buyer country is not allowed by store.","店铺不允许买家的国家。"
"Cache Lifetime (seconds)","缓存寿命（秒）"
"Cache Management","缓存管理"
"Can\'t add item to shopping cart.","无法新增项目到购物车。"
"Can\'t apply the coupon code.","无法套用代金券代码。"
"Can\'t copy file ""%s"" to ""%s"".","无法复製文件""%s"" 到 ""%s""。"
"Can\'t create wishlist.","无法建立愿望清单。"
"Can\'t delete ""%s"" theme.","不能删除 ""%s"" 主题。"
"Can\'t load XML.","无法载入XML。"
"Can\'t load application with code ""%s""","无法使用代码 ""%s"" 载入应用程式"
"Can\'t load cart info.","不能载入购物车资料。"
"Can\'t load cart.","不能载入购物车。"
"Can\'t load customer form.","不能载入顾客表格。"
"Can\'t load default themes.","不能载入预设主题。"
"Can\'t load selected theme. Please check your media folder permissions.","无法载入选定的主题。请检查您的媒体文件夹权限。"
"Can\'t open submission form.","无法打开提交表单。"
"Can\'t read file ""%s"".","无法读取文件""%s""。"
"Can\'t remove the item.","无法删除该项目。"
"Can\'t reset theme.","无法重设主题。"
"Can\'t save address.","无法保存地址。"
"Can\'t save the customer.","无法保存客户。"
"Can\'t save theme.","无法保存主题。"
"Can\'t show configuration.","无法显示配置。"
"Can\'t specify product.","无法指定产品。"
"Can\'t submit application.","无法提交应用程式。"
"Can\'t update cart.","无法更新购物车。"
"Can\'t write to file ""%s"".","无法写入到文件 ""%s""。"
"Cancel","取消"
"Canceled","已取消"
"Cancelled","已取消"
"Cannot apply gift card.","不适用于礼品卡。"
"Cannot load theme ""%s"".","无法载入主题 ""%s""。"
"Cannot redeem Gift Card.","不能兑换礼品卡。"
"Cannot remove gift card.","不能删除的礼品卡。"
"Cannot save theme ""%s"". Incorrect data received","无法保存主题 ""%s""。收到的数据有误"
"Card Verification Number","卡片验证号码"
"Card verification number is wrong","卡验证号码有误"
"Carrier","运营商"
"Cart","购物车"
"Cart has been updated.","购物车无法更新。"
"Cart has some errors.","购物车存在一些错误。"
"Cart is empty.","购物车为空。"
"Catalog Only App?","只对App分类？"
"Category Button Color","分类按钮也暗色"
"Category Item Background Color","分类项目背景色"
"Chairs","链"
"Change Orientation","更改方向"
"Change Password","更改密码"
"Changes have been saved to theme.","变动已保存到主题中。"
"Checkout has been initialized.","结账已被初始化。"
"City","城市"
"Color Themes","色彩主题"
"Colors","色彩"
"Company","公司"
"Completed","已完成"
"Confirm New Password","确认新密码"
"Confirm Password","确认密码"
"Contact Email","联系邮件"
"Contact Information","联系资讯"
"Container is not defined.","容器没有被定义。"
"Content","内容"
"Copyright","版权所有"
"Copyright Page Logo","版权页面徽标"
"Copyright Page Logo <br />(iPhone 4 retina)","版权页面徽标<br />（iPhone 4 retina萤幕）"
"Countries Payment Applicable From","国家付款请求于"
"Country","国家"
"Country options don\'t recognized for ""%s"".","国家选项不能识别 ""%s""。"
"Coupon code %s is not valid.","代金券代码 ""%s"" 无效。"
"Coupon code %s was applied.","代金券代码 %s 已被使用。"
"Coupon code is empty.","代金券代码为空。"
"Coupon code was canceled.","优惠代码已被取消。"
"Creating a Template is allowed only for applications which have device type iPhone.","只有设备类型为iPhone的应用程式才能建立范本。"
"Credit Card","信用卡"
"Credit Card %s","信用卡 %s"
"Credit Card Number","信用卡号码"
"Credit Card Type","信用卡类型"
"Credit card number does not match credit card type.","信用卡编号与信用卡类型不匹配。"
"Current Balance: %s","当前余额: %s"
"Current Password","当前密码"
"Currently, PayPal MEP is not available for the Android application","当前，PayPal MEP不能用于Android应用。"
"Custom App Icon","自定App图标"
"Custom App Icon <br />(iPhone 4 retina)","自定App图标<br />（iPhone 4 retina萤幕）"
"Custom Colors","自定颜色"
"Customer authentication problem.","客户身份验证问题。"
"Customer balance available in enterprise version of Magento only.","客户余额只适用于Magento企业版。"
"Customer balance is disabled for current store","客户余额在当前的店铺被禁用"
"Customer email not specified.","客户邮件未指定。"
"Customer logout problem.","客户注销问题。"
"Customer not logged in.","客户未登录。"
"DD","DD"
"Date Created","建立日期"
"Date Submitted","日期已提交"
"Date Updated","更新日期"
"Day","日"
"Deeper Messaging and Engagement with Rich Push.","使用Rich Push会有更深层次的消息和参与。"
"Default Billing Address","预设账单地址"
"Default Shipping Address","预设送货地址"
"Default Theme","预设主题"
"Delete","删除"
"Delete theme","删除主题"
"Deleted","已删除"
"Description","描述"
"Description that appears in Android Market. %s chars maximum. ","显示在Android市场中的描述。最多 %s 个字符。"
"Description that appears in the iTunes App Store. %s chars maximum. ","显示在iTunes App Store中的描述。最多 %s 个字符。"
"Deselect All","全部反选"
"Design","设计"
"Device","设备"
"Device Information","设备资讯"
"Device Type","设备类型"
"Device doesn\'t recognized. Unable to load a template.","设备未被识别。无法载入范本。"
"Device doesn\'t recognized: ""%s"". Unable to load a helper.","设备未被识别：""%s""。无法载入帮助程式。"
"Device doesn\'t recognized: ""%s"". Unable to load preview model.","设备未被识别：""%s""。无法载入预览模型。"
"Edit","编辑"
"Edit AirMail Message","编辑航空邮件资讯"
"Edit AirMail Message Queue #%s","编辑航空邮件队列 #%s"
"Edit App ""%s""","编辑 App ""%s"""
"Edit Filter","编辑筛选器"
"Edit Template ""%s""","编辑范本 ""%s"""
"Element with id %s already exists","ID为 %s 的元素已经存在"
"Email","电子邮件"
"Email Address","电子邮件地址"
"Enable AirMail Message Push notification","启用AirMail资讯推送通知"
"Enable Facebook","启用Facebook"
"Enable Flurry Analytics","启用Flurry分析"
"Enable Flurry Analytics for the merchant.","对商家启用Flurry分析。"
"Enable LinkedIn","启用LinkedIn"
"Enable Standard Checkout","启用标准结账"
"Enable Twitter","启用Twitter"
"Error while processing file ""%s"".","处理文件 ""%s"" 时发生错误。"
"Error while reading data from Payment Bridge. Please, try again.","从支付桥读取数据时出错。请重试。"
"Error while uploading file ""%s"".","上传文件 ""%s"" 时出错。"
"Error while uploading file ""%s"". Disallowed file type. Only ""jpg"", ""jpeg"", ""gif"", ""png"" are allowed.","上传文件 ""%s""时出错。不允许的文件类型。只有 ""jpg"", ""jpeg"", ""gif"", ""png"" 是允许的。"
"Error.","错误。"
"Expiration Date - Month","截止日期 - 月"
"Expiration Date - Year","截止日期 - 年"
"Expires: %s","届满: %s"
"Extend the life of your app with Urban Airship Push Notifications.","使用Urban Airship推送通知延伸您的App的寿命。"
"Extensions","扩展"
"FILTERS APPLIED","过滤器已应用"
"Facebook API","Facebook API"
"Facebook Application ID","反馈应用程式ID"
"Fax","传真"
"File can\'t be uploaded.","文件无法上传。"
"File doesn\'t exist ""%s"".","文件不存在 ""%s""。"
"First Name","名字"
"Flurry API Code","Flurry API代码"
"Flurry Analytics","Flurry分析"
"Flurry Analytics Site","Flurry分析网站"
"Fonts","字体"
"Free","免费"
"Funk Leaf","Funk Leaf"
"General","常规"
"Get Content from CMS Page","从CMS页面获得内容"
"Gift Card ""%s"" was added.","礼品卡 ""%s"" 已新增。"
"Gift Card ""%s"" was redeemed.","礼品卡 ""%s"" 已兑换。"
"Gift Card ""%s"" was removed.","礼品卡 ""%s"" 已移除。"
"Gift Card (%s)","礼品卡 (%s)"
"Gift Card amount applied to order: %s","礼品卡金额已使用于订单: %s"
"Gift Card code is empty.","礼品卡序号是空白的。"
"Gift Card: %s","礼品卡: %s"
"Gift card account available in enterprise version of Magento only.","礼品卡帐户只适用于Magento企业版。"
"Grand Total (Excl. Tax)","合计（不含税）"
"Grand Total (Incl. Tax)","合计（含税）"
"Guest","来宾"
"Header Background Color","头部背景色"
"Header Font Color","头字体颜色"
"High Resolution Application Icon","高分辨率应用程式图标"
"Home","主页"
"Hot Red","大红"
"How do you rate this product?","你如何评价这个产品呢？"
"How to incorporate Urban Airship within your application:","如何将Urban Airship在您的应用程序合併："
"ID","ID"
"Icon that will appear on the user\'s device after they download your app. Recommended size: 48px x 48px.","下载应用后，该图标将出现在用户设备上。建议的大小是：48px x 48px。"
"Icon that will appear on the user\'s device after they download your app. You do not need to apply a gradient or soft edges (this is done automatically by Apple). Recommended size: 72px x 72px.","下载应用后，该图标将会出现在用户的设备上。您不需要自己套用渐变或圆滑的边缘（这是由Apple自动进行的）。建议的大小是：72px x 72px。"
"Icon that will appear on the user\'s phone after they download your app. You do not need to apply a gradient or soft edges (this is done automatically by Apple). Recommended size: 114px x 114px.","下载应用后，该图标将会出现在用户的设备上。您不需要自己套用渐变或圆滑的边缘（这是Apple自动进行的）。建议的大小是：114px x 114px。"
"Icon that will appear on the user’s phone after they download your app.  You do not need to apply a gradient or soft edges (this is done automatically by Apple).  Recommended size: 57px x 57px at 72 dpi.","下载应用后，该图标会出现在用户的设备上。您不需要自己套用渐变或圆滑的边缘（这是Apple自动进行的）。建议的大小是：72dpi下57px x 57px。"
"Icons","图标"
"If leave this field empty, the message will be sent immediately","如果该栏位留空，资讯将立刻发送。"
"If you want to disable the cache on the application side, leave the field empty. Warning! When disabling cache, the application will take time to load each page.","如果希望在应用程式端禁用缓存，请将该栏位留空。警告！禁用缓存后，应用程式载入每个页面所需的时间将更长。"
"Image file was not found.","无法找到图片文件。"
"Image that appears on first screen while your app is loading. Required size: 1024px x 768px.","当您载入应用时，出现在第一个介面上的图像。要求的大小为：1024px x 768px。"
"Image that appears on first screen while your app is loading. Required size: 320px x 455px.","当您载入应用时，出现在第一个介面上的图像。要求的大小为：320px x 455px。"
"Image that appears on first screen while your app is loading. Required size: 320px x 460px.","当您载入应用时，出现在第一个介面上的图像。要求的大小为：320px x 460px。"
"Image that appears on first screen while your app is loading. Required size: 640px x 920px.","当您载入应用时，出现在第一个介面上的图像。要求的大小为：640px x 920px。"
"Image that appears on first screen while your app is loading. Required size: 768px x 1024px.","当您载入应用时，出现在第一个介面上的图像。要求的大小为：768px x 1024px。"
"Images","图像"
"In Queue","位于队列中"
"In Stock","有货"
"In addition, click here to review Urban Airship\'s Terms of Service: <a href=""%s"" target=""_blank"">click here</a>.","此外，点击这里检视Urban Airship的服务条款：<a href=""%s"" target=""_blank"">点击这里</a>。"
"In order to resubmit your app, you need to first purchase a <a href=""%s"" target=""_blank"">%s</a> from MagentoCommerce","为了提交您的App，您需要首先从MagentoCommerce购买 <a href=""%s"" target=""_blank"">%s</a>。"
"In order to submit your app, you need to first purchase a <a href=""%s"" target=""_blank"">%s</a> from MagentoCommerce","为了提交您的App，您需要首先从MagentoCommerce购买 <a href=""%s"" target=""_blank"">%s</a>。"
"Inactive Tabs","非活跃选项卡"
"Invalid XML.","无效XML。"
"Invalid current password.","当前密码无效。"
"Invalid customer data.","客户数据无效。"
"Invalid data.","无效数据。"
"Invalid email address.","邮件地址无效。"
"Invalid item or wishlist.","无效商品或愿望清单。"
"Invalid login or password.","无效的登录名或密码。"
"Invalid shipping method.","运送方法无效。"
"Issue Number","问题编号"
"It\'s not allowed to delete submitted application.","不允许删除已提交的应用程式。"
"Item has been added to cart.","商品已被新增到购物车。"
"Item has been deleted from cart.","商品已从购物车中删除。"
"Item has been removed from wishlist.","商品已从愿望清单中删除。"
"Items were updated. But can\'t update wishlist.","商品已更新。但无法更新愿望清单。"
"Key","密钥"
"Keywords","关键词"
"Label","标签"
"Large iTunes Icon","大iTunes图标"
"Large icon that appears in the iTunes App Store. You do not need to apply a gradient or soft edges (this is done automatically by Apple). Required size: 512px x 512px.","出现在iTunes App Store的大图标。您不需要套用渐变或圆滑的边缘（这是由Apple自动实现的）。必须的大小：512px x 512px。"
"Last Name","姓氏"
"LinkedIn API","LinkedIn API"
"LinkedIn API Key","LinkedIn API密钥"
"LinkedIn Secret Key","LinkedIn密钥"
"Loader Splash Screen","载入启动介面"
"Loader Splash Screen <br />(iPhone 4 retina)","载入启动介面<br />（iPhone 4 retina萤幕）"
"Loader Splash Screen <br />(landscape mode)","载入启动介面<br />（横向模式）"
"Loader Splash Screen <br />(portrait mode)","载入启动介面<br />（纵向模式）"
"Loading Preview...","正在载入预览..."
"Locations","位置"
"Log In","登录"
"Login and password are required.","需要登录和密码。"
"Logo in Header","头部徽标"
"Logo in Header image missing.","头部徽标图像丢失。"
"Logout complete.","注销完毕。"
"MEP is PayPal\'s native checkout experience for the iPhone. You can choose to use MEP alongside standard checkout, or use it as your only checkout method for Magento mobile. PayPal MEP requires a <a href=""%s"">PayPal business account</a>","MEP是Paypal为iPhone原生的结账体验。你可以选择MEP跟标准结帐一起使用，或用它作为唯一的结帐方法于Magento mobile。Paypal的MEP需要一个<a href=""%s"">的PayPal商业帐户</a>"
"MM","MM"
"Mailbox title","邮箱标题"
"Main Tabs","主选项卡"
"Make Inactive","使其不活跃"
"Make this app available in the following territories","让该应用可在下列区域使用"
"Manage Apps","管理应用"
"Manage Mobile App","管理移动App"
"Maximum length is 140","最大长度为140"
"Maximum length is 255","最大长度为255"
"Merchant Label","商家标签"
"Message Queue","消息队列"
"Message Settings","消息设置"
"Message Templates","消息范本"
"Message Title","消息标题"
"Message Type","消息类型"
"Message can be edited when status of the message is ""In Queue"" only.","当消息状态为时""队列""时，消息才可编辑 。"
"Message content","消息内容"
"Message title","消息标题"
"Mobile","移动"
"Mobile Express Checkout has been canceled.","Mobile Express结帐已被取消。"
"Mobile Express Checkout processed successfully.","Mobile Express结帐成功处理。"
"Month","月"
"More","更多"
"More Info","更多资讯"
"More Tabs","更多选项卡"
"Name on Card","卡片上的名字"
"Name that appears beneath your app when users install it to their device. We recommend choosing a name that is 10-12 characters and that your customers will recognize. %s chars max.","当用户安装应用程式到他们的设备时，名称会显示在您的应用程式下方。我们推荐您选取 10-12 字符长度的名称，这样您的客户能完整识别。最多 %s 个字符。"
"New AirMail Message","新 AirMail 消息"
"New AirMail Message Queue","新 AirMail 消息队列"
"New App","新App程式"
"New Password","新密码"
"New Template","新范本"
"Nickname","昵称"
"No Payment Information Required","无需付款信息"
"No items were specifed to update.","没有指定项目来更新。"
"No items were updated.","没有项目被更新。"
"No product selected.","没有选择产品。"
"No shipping method required.","无需运输方式。"
"No such file ""%s"".","没有此文件""%s""。"
"Not Submitted","未提交"
"Notice","注意"
"One or more keywords that describe your app. Keywords are matched to users\' searches in the App Store and help return accurate search results. Separate multiple keywords with commas. 100 chars is maximum.","描述您App程式的一个或两个关键词。关键词将用于匹配用户在 App Store 中的搜索，并帮助返回准确的搜索结果。使用逗号分隔多个关键词。最多 100 个字符。"
"Onepage checkout is disabled.","单页结账已被禁用。"
"Only custom theme can be deleted","只可以删除自订主题"
"Only default theme can be reset","只可以重置预设主题"
"Only free apps are allowed in this version.","该版本仅允许免费应用程式。"
"Only registered users can write reviews. Please, log in or register.","仅已注册用户可撰写评论。请登录或注册。"
"Options menu items","选项菜单项"
"Order #%s - %s","订单 #%s - %s"
"Order Date: %s","订单日期: %s"
"Order id is not specified.","未指定订单编号。"
"Order is not available.","无法使用订单。"
"Output format is not specified. Please, specify ""format"" key in constructor, or set it using setFormat().","未指定输出格式。在构造中请指定""format""键，或设置它使用setFormat（）。"
"POST data is not valid.","POST 数据无效。"
"Pages","页面"
"Password","密码"
"Password fields cannot be empty.","密码栏位不能为空。"
"PayPal MECL is the mobile version of PayPal\'s Express Checkout service. You can choose to use MECL alongside standard checkout, or use it as your only checkout method for Magento Mobile.","PayPal MECL是PayPal快速结帐服务的移动版本。你可以选择同时使用MECL和标准结账，或者用它作为你的Magento Mobile唯一的结帐方法。"
"PayPal MEP","PayPal MEP"
"PayPal Mobile Embedded Payment (MEP)","PayPal 移动嵌入支付 (MEP)"
"PayPal Mobile Express Checkout","PayPal移动快速结帐"
"PayPal Mobile Express Checkout Library (MECL)","PayPal移动快速结帐 Library (MECL)"
"PayPal Mobile Express Checkout Token does not exist.","PayPal移动快速结帐 Token 不存在。"
"Payer Email: %s","付款人电子邮件: %s"
"Payment Applicable From","付款方式适用于从"
"Payment Bridge module unavailable.","付款桥模块不可用。"
"Payment Method","付款方式"
"Payment Method has been set.","付款方式已设置。"
"Payment Methods","付款方式"
"Payment method was successfully set.","付款方式已成功设置。"
"Paypal MEP doesn\'t support checkout with any discount.","Paypal MEP 不支援任何折扣结帐。
"
"Please <a href=""%s"" target=""_blank"">click here</a> to see how to setup and retrieve API credentials.","请 <a href=""%s"" target=""_blank"">点击这里
</a> 以了解如何设置并获取API凭证。"
"Please Select Application","请选择应用程式"
"Please Select Device Type","请选择设备类型"
"Please agree to all the terms and conditions before placing the order.","请在下订单前同意所有的条款和条件。"
"Please create and save an application first.","请首先建立和储存一个应用程序。"
"Please enter ""App Title"".","请输入""App名称""。"
"Please enter issue number or start date for switch/solo card type.","请输入Switch/Solo类卡的颁发号或开始日期。"
"Please enter the Activation Key.","请输入激活密钥。"
"Please enter the Copyright.","请输入版权。"
"Please enter the Description.","请输入描述。"
"Please enter the Price.","请输入价格。"
"Please enter the Resubmission Key.","请输入重提交密钥。"
"Please enter the Title.","请输入名称。"
"Please make sure your passwords match.","请确保密码匹配。"
"Please select at least one country.","请选择至少一个国家。"
"Please upload  an image for ""App Background (landscape mode)"" field from Design Tab.","请从Design Tab为""App背景（横向模式）""栏位上传一个图片。"
"Please upload  an image for ""App Background (portrait mode)"" field from Design Tab.","请从Design Tab为""App背景（直立模式）""栏位上传一个图片。"
"Please upload  an image for ""App Background"" field from Design Tab.","请从Design Tab为""App背景""栏位上传一个图片。"
"Please upload  an image for ""Banner on Home Screen (landscape mode)"" field from Design Tab.","请从Design Tab为 ""主介面横额 (横向模式)"" 栏位上传一个图片。"
"Please upload  an image for ""Banner on Home Screen (portrait mode)"" field from Design Tab.","请从Design Tab为 ""主介面横额 (直立模式)"" 栏位上传一个图片。"
"Please upload  an image for ""Banner on Home Screen"" field from Design Tab.","请从Design Tab为""主介面横额""栏位上传一个图片。"
"Please upload  an image for ""Logo in Header"" field from Design Tab.","请从Design Tab为""头部徽标""栏位上传一个图片。"
"Preset Theme","预设主题"
"Preview","预览"
"Price","价格"
"Price Font Color","价格字体颜色"
"Primary Color","主要颜色"
"Primary Font Color","主要字体颜色"
"Problem changing or sending password.","更改或发送密码时遇到问题。"
"Product Name3 ","产品名 3"
"Product Name3 1","产品名 3 1"
"Product Name3 2","产品名 3 2"
"Product is unavailable.","产品不可用。"
"Product was not specified.","产品未指定。"
"Product(s) currently out of stock.","产品目前缺货。"
"Purchase Order Number","采购订单号"
"Push Notification","发布通知"
"Push Notifications allow you to send messages directly to the people who have installed your app on their device. Send messages to your full audience even when your app is closed. Push Notifications are one of the best ways to keep your app active by delivering valuable content directly to your customers. Learn more about Push Notifications - <a href=""%1$s"" target=""_blank"">%1$s</a>","推送通知允许你直接发送邮件到他们安装了你的应用程序的设备上。消息完整地发送到您的观眾，甚至当你的应用程序被关闭。推送通知您的应用程序直接向您的客户提供有价值的内容保持积极的最佳途径之一。了解更多关于推送通知 - <a href=""%1$s"" target=""_blank"">%1$s</a>"
"Push Title","推送标题"
"Push message","推送信息"
"Push title","推送标题"
"Queue Date","队列日期"
"Queue Message","队列消息"
"Queue does not exist.","队列不存在。"
"Queue is allowed only for applications with enabled Push Notification.","队列只允许已启用推送通知的应用程序。"
"Quote instance is required.","队列实例是必须的。"
"Recipient Information","收件人资讯"
"Recommended size 1024px x 344px. Note: Image size affects the performance of your app.","建议的大小：1024px x 344px. 注意：图像大小会影响您应用的性能。"
"Recommended size 1024px x 704px. Note: Image size affects the performance of your app.","建议的大小：1024px x 704px。注意：图像大小会影响您应用的性能。"
"Recommended size 320px x 230px. Note: Image size affects the performance of your app. Keep your image size below 50 KB for optimal performance.","建议的大小：320px x 320px。注意：图像大小会影响您应用的性能。为获得最佳性能，建议图像大小不超过50 KB。"
"Recommended size 320px x 258px. Note: Image size affects the performance of your app. Keep your image size below 50 KB for optimal performance.","建议的大小：320px x 258px。注意：图像大小会影响您应用的性能。为获得最佳性能，建议图像大小不超过50 KB。"
"Recommended size 320px x 367px. Note: Image size affects the performance of your app. Keep your image size below 75 KB for optimal performance.","建议的大小：320px x 367px。注意：图像大小会影响您应用的性能。为获得最佳性能，建议图像大小不超过50 KB。"
"Recommended size 35px x 35px.","建议的大小为 35px x 35px。"
"Recommended size 768px x 294px. Note: Image size affects the performance of your app.","建议的大小为768px x 294px。注意：图像大小会影响您应用的性能。"
"Recommended size 768px x 960px. Note: Image size affects the performance of your app.","建议的大小为768px x 960px。注意：图像大小会影响您应用的性能。"
"Redemption functionality is disabled.","换领功能被禁用。"
"Regular and confirmation passwords must be equal","常规和确认密码必须一致。"
"Related Product Background Color","相关产品的背景色"
"Reset theme to default","将主题重设为预设"
"Resubmission Key","重新提交密钥"
"Resubmit App","重新提交App"
"Review","评测"
"Rich Push allows you to create and send engaging experiences by adding HTML and other rich media components to your push notifications. Moving beyond alerts and badge updates, Rich Push takes users into the app while displaying content in a customizable WebKit view. Create branded messages that engage your users with new content and information, all without having to update your app. Learn more about Rich Push - <a href=""%1$s"" target=""_blank"">%1$s</a>","Rich Push 可让您建立和发送HTML和其他丰富的媒体组件新增到您的推送通知，引人入胜的体验。超越提醒和名片更新，Rich Push 考虑到用户的应用程序，而在可自定的WebKit视图显示内容。建立品牌的消息，从事新的内容和信息的用户，都无需更新您的应用程序。了解更多 Rich Push - <a href=""%1$s"" target=""_blank"">%1$s</a>"
"SORT BY:","排序方式："
"Save","保存"
"Save As","保存为"
"Save Theme","保存主题"
"Save and Continue Edit","保存并继续编辑"
"Save and Submit App","保存并提交App"
"Save in address book","保存到地址簿"
"Screens:","萤幕："
"Scroll Background Color","卷动背景色"
"Search","搜索"
"Secondary Color","辅助颜色"
"Secondary Font Color","辅助字体颜色"
"Select All","全选"
"Selected product is unavailable.","所选产品不可用。"
"Sender Information","发送者资讯"
"Settings","设置"
"Shipping Address","送货地址"
"Shipping Method","运送方法"
"Shipping address has been set.","运送地址已设置。"
"Shipping method has been set.","运送方法已设置。"
"Shipping method is required","运送方法是必需的"
"Shipping method successfully updated","运送方法已成功更新"
"Shipping to this address is not possible.","运送到这个地址是不可能的。"
"Shop","商店"
"Shopping cart is empty.","购物车为空。"
"Sky Blue","天蓝"
"Social Networking","社交网路"
"Some emails were not sent.","某些邮件未发送"
"Sorry, no payment options are available for this order at this time.","对不起，该订单目前没有可用支付选项。"
"Sorry, no quotes are available for this order at this time.","抱歉，当前该订单中没有报价可用。"
"Specific Countries","指定国家"
"Specified address does not exist.","指定的地址不存在。"
"Specified invalid app code.","指定了无效的App代码。"
"Specified invalid data.","指定了无效数据。"
"Specified item does not exist in wishlist.","指定的产品不在愿望清单中。"
"Standard Checkout","标准结账"
"Standard Checkout uses the checkout methods provided by Magento. Only inline payment methods are supported. (e.g PayPal Direct,  Authorize.Net, etc.)","标准支付将使用Magento提供的支付方法。只能支持内联支付方法（例如e.g PayPal Direct, Authorize.Net,等）"
"Start Date","开始日期"
"Start Date - Month","开始日期 - 月"
"Start Date - Year","开始日期 - 年"
"State/Province","州/省"
"Status","状态"
"Store Credit payment is not being used in your shopping cart.","店铺信用付款不被使用于你的购物车。"
"Store View","店铺视图"
"Store logo that is displayed on copyright page of app. Preferred size: 100px x 100px.","店铺徽标会显示在应用的版权页上。首选大小为：100px x 100px。"
"Store logo that is displayed on copyright page of app. Preferred size: 200px x 200px.","店铺徽标会显示在应用的版权页上。首选大小为：200px x 200px。"
"Street Address","街道地址"
"Street Address 2","街道地址2"
"Submission","提交"
"Submission Fields","提交栏位"
"Submission History","提交历史"
"Submit App","提交App"
"Submit App ""%s""","提交App ""%s"""
"Submit App failure. %s","提交App失败。""%s"""
"Submit App failure. Invalid activation key provided","提交App失败。所提供的激活密钥无效"
"Submitted","已提交"
"Subtotal (Excl. Tax)","小计（不含税）"
"Subtotal (Incl. Tax)","小计（含税）"
"Summary of Your Review","您的评测汇总"
"T-Shirts","T恤"
"Tabs","选项卡"
"Tax","税项"
"Telephone","电话"
"Tell a Friend","告诉朋友"
"Tell a Friend is disabled.","告诉朋友功能被禁用。"
"Tell a Friend link has been sent.","告诉朋友连结已发送。"
"Template","范本"
"Template Content","范本内容"
"Template Name","范本名称"
"Template does not exist.","范本不存在。"
"Template for new AirMail Message does not exist.","用于新的航空邮件资讯的范本不存在。"
"Template has been deleted.","范本已删除。"
"Thank you for registering!","感谢您的注册！"
"Thank you for your purchase! ","感谢您的购买！"
"The Mailbox title will be shown in the More Info tab. To understand more about the title, please <a target=""_blank"" href=""http://www.magentocommerce.com/img/product/mobile/helpers/mail_box_title.png"">click here</a>","邮箱标题会显示在更多资讯选项卡下。要详细了解该标题的资讯，请 <a target=""_blank"" href=""http://www.magentocommerce.com/img/product/mobile/helpers/mail_box_title.png"">点击这里</a>"
"The icon that appears in the Android Market. Recommended size: 512px x 512px. Maximum size: 1024 KB.","该图标会显示在Android市场中。建议的大小：512px x 512px。最大尺寸：1024 KB。"
"The store credit payment has been removed from shopping cart.","购物车的商店信用付款已被删除。"
"Theme configurations are successfully reset.","这些配置已成功重设。"
"Theme has been created.","主题已被建立。"
"Theme has been delete.","主题已被删除。"
"Theme label can\'t be empty","主题标签不能为空白"
"Theme label:","主题标签:"
"Theme name is not set.","主题名称尚未设置。"
"There were some problems with the data.","数据有些问题。"
"This email address was not found in our records.","该电子邮件地址无法在我们的记录中找到。"
"Title","标题"
"Title bar","标题栏"
"To activate PayPal MEP payment method activate Express checkout first. ","要激活PayPal MEP支付方法，首先需要激活快速结账功能。"
"Token has not been set.","Token 尚未设置。"
"Total incl. Tax: %1$s","含税总额：%1$s"
"Twitter API","Twitter API"
"Twitter API Key","Twitter API密钥"
"Twitter Secret Key","Twitter密码"
"Unable to cancel Mobile Express Checkout.","无法取消Mobile Express结帐。"
"Unable to cancel queue.","无法取消队列。"
"Unable to collect cart totals.","无法收集购物车总数。"
"Unable to delete queue.","无法删除队列。"
"Unable to find an app to delete.","无法找到要删除的应用。"
"Unable to find template to delete.","无法找到要删除的范本。"
"Unable to get shipping methods list.","无法获得运送方法列表。"
"Unable to initialize MEP Checkout.","无法初始化MEP支付。"
"Unable to initialize PayPal Mobile Express Checkout.","无法初始化PayPal移动快速结帐。"
"Unable to initialize express checkout review.","无法初始化快速结帐审查。"
"Unable to initialize express checkout shipping method list.","无法初始化快速结帐运输方式列表。"
"Unable to initialize return action.","无法初始化返回行动。"
"Unable to load addresses.","无法载入地址。"
"Unable to load application form.","无法载入应用程式表单。"
"Unable to load billing address form.","无法载入帐单地址的表格。"
"Unable to load billing address.","无法载入的帐单地址。"
"Unable to load categories.","无法载入类别。"
"Unable to load checkout.","无法载入结账。"
"Unable to load order list.","无法载入订单列表。"
"Unable to load order review.","无法载入订单评论。"
"Unable to load product gallery.","无法载入产品图库。"
"Unable to load product info.","无法载入产品资讯。"
"Unable to load product options.","无法载入产品选项。"
"Unable to load product review.","无法载入产品评论。"
"Unable to load product reviews.","无法载入产品评论。"
"Unable to load review form.","无法载入评论表格。"
"Unable to load search.","无法载入搜寻。"
"Unable to load shipping address form.","无法载入的送货地址的表格。"
"Unable to place the order.","无法下订单。"
"Unable to post the review.","无法发布该评测。"
"Unable to process preview.","无法处理预览。"
"Unable to render a gift card account.","无法呈现礼品卡帐户。"
"Unable to render an order.","无法呈现订单。"
"Unable to render the store credits.","无法呈现店铺信贷。"
"Unable to save app.","无法保存应用。"
"Unable to save message.","无法保存资讯。"
"Unable to save shipping address.","无法保存运送地址。"
"Unable to save shipping method.","无法保存运送方法。"
"Unable to save template.","无法保存范本。"
"Unable to start MEP Checkout.","无法开始MEP结账。"
"Unable to start Mobile Express Checkout.","无法启动移动快速结帐。"
"Unable to update shipping method.","无法更新的运输方式。"
"Undefined","未定义"
"Unknown Error","未知错误"
"Unknown Error.","未知错误。"
"Unsupported character in path: ""%s""","不支持的字符在路径：""%s"""
"Unsupported value type received","收到不支持的类型值"
"Update Preview","更新预览"
"Upon receiving these credentials, please fill in the corresponding fields.","收到这些凭证后，请填写在相应的栏位。"
"Urban Airship Push Notification","Urban Airship推送通知"
"Use Store Credit (%s available)","使用商店信用卡 (%s 可用的)"
"Use as my default billing address","使用并作为我的预设账单地址"
"Use as my default shipping address","使用并作为我的预设运送地址"
"View Details","查看详情"
"View Gallery","查看画廊"
"Warning: All related AirMail messages will be deleted!","警告：所有相关的空邮邮件将被删除！"
"Website is offline.","网站已离线。"
"Wishlist has been cleared.","愿望列表已被清空。"
"Wishlist has been updated.","愿望清单已更新。"
"Wishlist has been updated. But there are accrued some errors while updating some items.","愿望清单已更新。但在更新某些商品时发生一些错误。"
"Wrong Ipad background image orientation has been specified: ""%s"".","指定的iPad背景图像 ""%s"" 方向有误。"
"Wrong PayPal Mobile Express Checkout Token specified.","错误的PayPal移动快速结帐Token。"
"Wrong device type.","设备类型有误。"
"Wrong email format","邮件格式有误。"
"Wrong or expired Gift Card Code.","错误或过期的礼品卡代码。"
"Wrong theme format.","主题格式有误。"
"YYYY","YYYY"
"Year","年"
"You are already logged in.","您已经登录了。"
"You can watch statistics here.","您可以在这里看到统计资讯。"
"You need to enable PayPal Express Checkout first from the Payment configuration before enabling PayPal MECL.","您需要先启用PayPal快速结帐的付款设定，才可启用Paypal MECL。"
"You will receive an order confirmation email with details of your order and a link to track its progress.","您将会收到一份内含订单详细资讯和可查询进展情况连结的确认邮件"
"Your order # is: %s. ","您的订单编号是：%s。"
"Your review has been accepted for moderation.","您的评测已被管理员批准。"
"Zip/Postal Code","邮政编码"
"and","和"
"each","每个"
"iPad","iPad"
"iPhone","iPhone"
"save","保存"
"ver. %s","版本 %s"
